User,Nombre,Apellidos,Edad,Registro,Fecha,Hora
admin613,Nacho,Fontal Patac,35,Alta,21-02-2022,20:52
anita21,Ana,Zurita Garcia,21,Alta,21-02-2022,20:52
Tito,Alberto,Cano Peiro,33,Alta,21-02-2022,20:52
Fer22,Fernando,Zurita Perez,22,Alta,22-02-2022,13:37
Presidente_SPN,Pedro,Sanchez Perez Castejon,49,Alta,22-02-2022,13:47
PabloCasBla,Pablo,Casado Blanco,41,Alta,22-02-2022,13:48
IonBe,Ione,Belarra Urteaga,34,Alta,22-02-2022,13:50
espanol45,Santiago,Abascal Conde,45,Alta,22-02-2022,13:53
Naranjita,Ines,Arrimadas Garcia,40,Alta,22-02-2022,13:55
Consumo_esp,Alberto Carlos,Garzon Espinosa,36,Alta,22-02-2022,13:57
ShU_JoSeMa,Jose Maria,Aznar Lopez,68,Alta,22-02-2022,13:59
ZapPsoe,Jose Luis,Rodriguez Zapatero,61,Alta,22-02-2022,14:00
FrancisFra,Francisco,Franco Bahamonde,129,Alta,22-02-2022,14:03
RosasRojas,Felipe,Gonzalez Marquez,79,Alta,22-02-2022,14:05
LoshChuchesh,Mariano,Rajoy Brey,66,Alta,22-02-2022,14:06
Sobrecitos56,Luis Francisco,Barcenas Gutierrez,65,Alta,22-02-2022,14:09
NoLoSe,Elena,de Borbon y Grecia,58,Alta,22-02-2022,14:11
Ayusista01,Isabel,Diaz Ayuso,43,Alta,22-02-2022,14:13
La_Bayonce,Beyonce Giselle,Knowles Carter,40,Alta,22-02-2022,14:21
Leti72,Letizia,Ortiz Rocasolano,49,Alta,22-02-2022,14:23
Elefantes38,Juan Carlos Alfonso Victor Maria,de Borbon y Borbon Dos Sicilias,84,Alta,22-02-2022,14:25
OjazosReales,Felipe Juan Pablo Alfonso,de Todos los Santos de Borbon y Grecia,54,Alta,22-02-2022,14:27
Sonrisitas,Jose Luis,Martinez Almeida Navasques,46,Alta,22-02-2022,14:30
XuntaPP,Alberto,Nunez Feijoo,60,Alta,22-02-2022,16:26
pepito11,Jose Maria,Navarro Gomez,31,Alta,23-02-2022,14:07
JFK,Josue,Garcia Gonzalez,29,Alta,23-02-2022,19:54
